[
	{
		"name":"洗澡",
		"good":"你几天没洗澡了？",
		"bad":"会把好运洗掉的"
	},
	{
		"name":"表白",
		"good":"男生适合表白",
		"bad":"女生不适合表白"
	},
	{
		"name":"考试",
		"good":"考的全会，蒙的全对",
		"bad":"考的都不会，蒙的全不对"
	},
	{
		"name":"做白日梦",
		"good":"梦想要有",
		"bad":"白日做梦的你，居然还在抽签。。"
	},
	{
		"name":"出游",
		"good":"出门会捡到钱，偶遇高富帅，走上人生巅峰",
		"bad":"呵呵，都穷成这样了，还想着出门呢？"
	},
	{
		"name":"吃土",
		"good":"北区的好吃，含有丰富的腐殖质",
		"bad":"南区的土好吃，纯天然"
	},
	{
		"name":"打豆豆",
		"good":"如果你是上铺，请打你的下铺",
		"bad":"额，今天你的上铺会打你"
	},
	{
		"name":"和女生说话",
		"good":"搭讪是你成功的第一步",
		"bad":"你要你敢开口，就会被认为是耍流氓"
	},
	{
		"name":"接吻",
		"good":"因为男朋友没有吃蒜",
		"bad":"女朋友吃蒜了"
	},
	{
		"name":"打游戏",
		"good":"今天你是王者之命",
		"bad":"分分钟王者变青铜"
	},
	{
		"name":"拥有意外",
		"good":"今天最后意外的是你知道自己更本不会有意外，哈哈哈哈",
		"bad":"不是？你怎么想的，居然想有意外？"
	},
	{
		"name":"生病",
		"good":"你是万能的神，没有病的",
		"bad":"恭喜你，得了相思病了"
	},
	{
		"name":"睡觉",
		"good":"今天最适合睡觉了，因为。。，凌晨一点，你睡觉要干嘛去？",
		"bad":"睡觉？你作业做完了吗？四级过了吗？六级过了吗？计算机二、三、四级过了吗？。。。。"
	},
	{
		"name":"跳槽",
		"good":"有一种爱叫做放手，为代码放弃高薪报酬",
		"bad":"这哪是跳槽，这分明是厕所里跳高--过分嘛"
	},
	{
		"name":"在妹子面前吹牛",
		"good":"会感觉你很有实力",
		"bad":"站在你嘴边，连猪都能飞起来"
	},
	{
		"name":"运动",
		"good":"让人感觉你feel倍爽",
		"bad":"先吃饱在减肥吧！"
	},
	{
		"name":"使用Linux",
		"good":"让人感觉你很有品位",
		"bad":"是不是只会开关机了呢？"
	},
	{
		"name":"修改bug",
		"good":"突然会觉得bug，呵呵，so easy",
		"bad":"bug会一生二，二生三，无穷尽也"
	},
	{
		"name":"软件测试",
		"good":"来来，一遍过了，去领盒饭",
		"bad":"一遍。。，再来一遍，还来一遍，最后一遍，呃呃，再来。。。"
	},
	{
		"name":"学习",
		"good":"对，没错，学习使我快乐",
		"bad":"学习是什么鬼？？不清楚，不明白"
	},
	{
		"name":"撸代码",
		"good":"代码在手，天下我有",
		"bad":"强橹灰飞烟灭。。。"
	}
]
